sample_id,source_path,window_start_ts,window_end_ts,window_rel_start_s,window_rel_end_s,count_2e4,frame116_count,seed_touch_present,ramp_present,phase_plateau_present,phase_exit_present,corridor_ratio,aligned_ratio,fff4_hits,max_phase_sum,grade,ladder_level
D:\Temp\20260312\raw_can_logs\20260426\raw_can_logs\toyota_all_20260426_045606_007,D:\Temp\20260312\raw_can_logs\20260426\raw_can_logs\toyota_all_20260426_045606_007.ndjson,1777179366506,1777179381506,0.0,15.0,514,525,0,0,0,0,0.004,0.389,0,0,D,
D:\Temp\20260312\raw_can_logs\20260426\raw_can_logs\toyota_all_20260426_045606_007,D:\Temp\20260312\raw_can_logs\20260426\raw_can_logs\toyota_all_20260426_045606_007.ndjson,1777179371506,1777179386506,5.0,20.0,520,524,0,0,0,0,0.004,0.708,0,0,D,
D:\Temp\20260312\raw_can_logs\20260426\raw_can_logs\toyota_all_20260426_045606_007,D:\Temp\20260312\raw_can_logs\20260426\raw_can_logs\toyota_all_20260426_045606_007.ndjson,1777179376506,1777179391506,10.0,25.0,518,525,1,0,0,0,0.08,0.956,1,0,B,1
D:\Temp\20260312\raw_can_logs\20260426\raw_can_logs\toyota_all_20260426_045606_007,D:\Temp\20260312\raw_can_logs\20260426\raw_can_logs\toyota_all_20260426_045606_007.ndjson,1777179381506,1777179396506,15.0,30.0,509,527,1,0,0,0,0.112,0.89,18,0,B,1
D:\Temp\20260312\raw_can_logs\20260426\raw_can_logs\toyota_all_20260426_045606_007,D:\Temp\20260312\raw_can_logs\20260426\raw_can_logs\toyota_all_20260426_045606_007.ndjson,1777179386506,1777179401506,20.0,35.0,500,526,1,0,0,0,0.112,0.785,18,0,B,1
D:\Temp\20260312\raw_can_logs\20260426\raw_can_logs\toyota_all_20260426_045606_007,D:\Temp\20260312\raw_can_logs\20260426\raw_can_logs\toyota_all_20260426_045606_007.ndjson,1777179391506,1777179406506,25.0,40.0,504,520,1,0,0,0,0.033,0.796,17,0,B,1
D:\Temp\20260312\raw_can_logs\20260426\raw_can_logs\toyota_all_20260426_045606_007,D:\Temp\20260312\raw_can_logs\20260426\raw_can_logs\toyota_all_20260426_045606_007.ndjson,1777179396506,1777179411506,30.0,45.0,502,518,0,0,0,0,0.0,0.855,0,0,D,
D:\Temp\20260312\raw_can_logs\20260426\raw_can_logs\toyota_all_20260426_045606_007,D:\Temp\20260312\raw_can_logs\20260426\raw_can_logs\toyota_all_20260426_045606_007.ndjson,1777179401506,1777179416506,35.0,50.0,498,521,0,0,0,0,0.0,0.965,0,0,D,
D:\Temp\20260312\raw_can_logs\20260426\raw_can_logs\toyota_all_20260426_045606_007,D:\Temp\20260312\raw_can_logs\20260426\raw_can_logs\toyota_all_20260426_045606_007.ndjson,1777179406506,1777179421506,40.0,55.0,503,518,0,0,0,0,0.0,0.965,0,0,D,
D:\Temp\20260312\raw_can_logs\20260426\raw_can_logs\toyota_all_20260426_045606_007,D:\Temp\20260312\raw_can_logs\20260426\raw_can_logs\toyota_all_20260426_045606_007.ndjson,1777179411506,1777179426506,45.0,60.0,507,522,0,0,0,0,0.0,0.874,0,49,D,
D:\Temp\20260312\raw_can_logs\20260426\raw_can_logs\toyota_all_20260426_045606_007,D:\Temp\20260312\raw_can_logs\20260426\raw_can_logs\toyota_all_20260426_045606_007.ndjson,1777179416506,1777179431506,50.0,65.0,507,522,0,0,0,0,0.0,0.678,0,53,D,
D:\Temp\20260312\raw_can_logs\20260426\raw_can_logs\toyota_all_20260426_045606_007,D:\Temp\20260312\raw_can_logs\20260426\raw_can_logs\toyota_all_20260426_045606_007.ndjson,1777179421506,1777179436506,55.0,70.0,502,532,0,0,0,0,0.0,0.461,0,53,D,
D:\Temp\20260312\raw_can_logs\20260426\raw_can_logs\toyota_all_20260426_045606_007,D:\Temp\20260312\raw_can_logs\20260426\raw_can_logs\toyota_all_20260426_045606_007.ndjson,1777179426506,1777179441506,60.0,75.0,504,526,0,0,0,0,0.0,0.247,0,92,D,
D:\Temp\20260312\raw_can_logs\20260426\raw_can_logs\toyota_all_20260426_045606_007,D:\Temp\20260312\raw_can_logs\20260426\raw_can_logs\toyota_all_20260426_045606_007.ndjson,1777179431506,1777179446506,65.0,80.0,508,517,0,0,0,0,0.0,0.238,0,92,D,
D:\Temp\20260312\raw_can_logs\20260426\raw_can_logs\toyota_all_20260426_045606_007,D:\Temp\20260312\raw_can_logs\20260426\raw_can_logs\toyota_all_20260426_045606_007.ndjson,1777179436506,1777179451506,70.0,85.0,517,510,0,0,0,0,0.0,0.145,0,92,D,
D:\Temp\20260312\raw_can_logs\20260426\raw_can_logs\toyota_all_20260426_045606_007,D:\Temp\20260312\raw_can_logs\20260426\raw_can_logs\toyota_all_20260426_045606_007.ndjson,1777179441506,1777179456506,75.0,90.0,519,510,0,0,0,0,0.0,0.147,0,154,D,
D:\Temp\20260312\raw_can_logs\20260426\raw_can_logs\toyota_all_20260426_045606_007,D:\Temp\20260312\raw_can_logs\20260426\raw_can_logs\toyota_all_20260426_045606_007.ndjson,1777179446506,1777179461506,80.0,95.0,516,519,0,0,0,0,0.002,0.1,0,154,D,
D:\Temp\20260312\raw_can_logs\20260426\raw_can_logs\toyota_all_20260426_045606_007,D:\Temp\20260312\raw_can_logs\20260426\raw_can_logs\toyota_all_20260426_045606_007.ndjson,1777179451506,1777179466506,85.0,100.0,509,516,0,0,0,0,0.002,0.229,0,154,D,
D:\Temp\20260312\raw_can_logs\20260426\raw_can_logs\toyota_all_20260426_045606_007,D:\Temp\20260312\raw_can_logs\20260426\raw_can_logs\toyota_all_20260426_045606_007.ndjson,1777179456506,1777179471506,90.0,105.0,502,518,0,0,0,0,0.014,0.263,0,94,D,
D:\Temp\20260312\raw_can_logs\20260426\raw_can_logs\toyota_all_20260426_045606_007,D:\Temp\20260312\raw_can_logs\20260426\raw_can_logs\toyota_all_20260426_045606_007.ndjson,1777179461506,1777179476506,95.0,110.0,496,530,0,0,0,0,0.011,0.242,0,94,D,
D:\Temp\20260312\raw_can_logs\20260426\raw_can_logs\toyota_all_20260426_045606_007,D:\Temp\20260312\raw_can_logs\20260426\raw_can_logs\toyota_all_20260426_045606_007.ndjson,1777179466506,1777179481506,100.0,115.0,493,523,0,0,0,0,0.011,0.111,0,60,D,
D:\Temp\20260312\raw_can_logs\20260426\raw_can_logs\toyota_all_20260426_045606_007,D:\Temp\20260312\raw_can_logs\20260426\raw_can_logs\toyota_all_20260426_045606_007.ndjson,1777179471506,1777179486506,105.0,120.0,506,528,0,0,0,0,0.0,0.059,0,11,D,
D:\Temp\20260312\raw_can_logs\20260426\raw_can_logs\toyota_all_20260426_045606_007,D:\Temp\20260312\raw_can_logs\20260426\raw_can_logs\toyota_all_20260426_045606_007.ndjson,1777179476506,1777179491506,110.0,125.0,516,516,0,0,0,0,0.0,0.0,0,2,D,
D:\Temp\20260312\raw_can_logs\20260426\raw_can_logs\toyota_all_20260426_045606_007,D:\Temp\20260312\raw_can_logs\20260426\raw_can_logs\toyota_all_20260426_045606_007.ndjson,1777179481506,1777179496506,115.0,130.0,516,524,0,0,0,0,0.0,0.0,0,0,D,
D:\Temp\20260312\raw_can_logs\20260426\raw_can_logs\toyota_all_20260426_045606_007,D:\Temp\20260312\raw_can_logs\20260426\raw_can_logs\toyota_all_20260426_045606_007.ndjson,1777179486506,1777179501506,120.0,135.0,507,525,0,0,0,0,0.0,0.0,0,0,D,
D:\Temp\20260312\raw_can_logs\20260426\raw_can_logs\toyota_all_20260426_045606_007,D:\Temp\20260312\raw_can_logs\20260426\raw_can_logs\toyota_all_20260426_045606_007.ndjson,1777179491506,1777179506506,125.0,140.0,504,521,0,0,0,0,0.0,0.0,0,0,D,
D:\Temp\20260312\raw_can_logs\20260426\raw_can_logs\toyota_all_20260426_045606_007,D:\Temp\20260312\raw_can_logs\20260426\raw_can_logs\toyota_all_20260426_045606_007.ndjson,1777179496506,1777179511506,130.0,145.0,498,511,0,0,0,0,0.0,0.002,0,56,D,
D:\Temp\20260312\raw_can_logs\20260426\raw_can_logs\toyota_all_20260426_045606_007,D:\Temp\20260312\raw_can_logs\20260426\raw_can_logs\toyota_all_20260426_045606_007.ndjson,1777179501506,1777179516506,135.0,150.0,507,509,0,0,0,0,0.004,0.061,0,56,D,
D:\Temp\20260312\raw_can_logs\20260426\raw_can_logs\toyota_all_20260426_045606_007,D:\Temp\20260312\raw_can_logs\20260426\raw_can_logs\toyota_all_20260426_045606_007.ndjson,1777179506506,1777179521506,140.0,155.0,507,512,0,1,1,0,0.01,0.188,3,147,D,
D:\Temp\20260312\raw_can_logs\20260426\raw_can_logs\toyota_all_20260426_045606_007,D:\Temp\20260312\raw_can_logs\20260426\raw_can_logs\toyota_all_20260426_045606_007.ndjson,1777179511506,1777179526506,145.0,160.0,517,520,0,1,1,0,0.012,0.313,3,184,D,
D:\Temp\20260312\raw_can_logs\20260426\raw_can_logs\toyota_all_20260426_045606_007,D:\Temp\20260312\raw_can_logs\20260426\raw_can_logs\toyota_all_20260426_045606_007.ndjson,1777179516506,1777179531506,150.0,165.0,526,516,0,1,1,0,0.025,0.417,3,184,D,
D:\Temp\20260312\raw_can_logs\20260426\raw_can_logs\toyota_all_20260426_045606_007,D:\Temp\20260312\raw_can_logs\20260426\raw_can_logs\toyota_all_20260426_045606_007.ndjson,1777179521506,1777179536506,155.0,170.0,529,513,0,0,0,0,0.123,0.489,0,184,D,
D:\Temp\20260312\raw_can_logs\20260426\raw_can_logs\toyota_all_20260426_045606_007,D:\Temp\20260312\raw_can_logs\20260426\raw_can_logs\toyota_all_20260426_045606_007.ndjson,1777179526506,1777179541506,160.0,175.0,524,511,1,0,0,0,0.174,0.642,22,0,B,1
D:\Temp\20260312\raw_can_logs\20260426\raw_can_logs\toyota_all_20260426_045606_007,D:\Temp\20260312\raw_can_logs\20260426\raw_can_logs\toyota_all_20260426_045606_007.ndjson,1777179531506,1777179546506,165.0,180.0,514,517,1,0,0,0,0.358,0.799,22,0,B,2
D:\Temp\20260312\raw_can_logs\20260426\raw_can_logs\toyota_all_20260426_045606_007,D:\Temp\20260312\raw_can_logs\20260426\raw_can_logs\toyota_all_20260426_045606_007.ndjson,1777179536506,1777179551506,170.0,185.0,502,521,1,0,0,0,0.589,0.935,22,0,B,2
D:\Temp\20260312\raw_can_logs\20260426\raw_can_logs\toyota_all_20260426_045606_007,D:\Temp\20260312\raw_can_logs\20260426\raw_can_logs\toyota_all_20260426_045606_007.ndjson,1777179541506,1777179556506,175.0,190.0,517,521,0,0,0,0,0.846,0.967,0,0,C,C_only
D:\Temp\20260312\raw_can_logs\20260426\raw_can_logs\toyota_all_20260426_045606_007,D:\Temp\20260312\raw_can_logs\20260426\raw_can_logs\toyota_all_20260426_045606_007.ndjson,1777179546506,1777179561506,180.0,195.0,505,518,0,0,0,0,0.664,0.938,0,0,C,C_only
D:\Temp\20260312\raw_can_logs\20260426\raw_can_logs\toyota_all_20260426_045606_007,D:\Temp\20260312\raw_can_logs\20260426\raw_can_logs\toyota_all_20260426_045606_007.ndjson,1777179551506,1777179566506,185.0,200.0,506,510,0,0,0,0,0.331,0.886,0,0,C,C_only
D:\Temp\20260312\raw_can_logs\20260426\raw_can_logs\toyota_all_20260426_045606_007,D:\Temp\20260312\raw_can_logs\20260426\raw_can_logs\toyota_all_20260426_045606_007.ndjson,1777179556506,1777179571506,190.0,205.0,494,519,0,0,0,0,0.015,0.846,0,0,D,
D:\Temp\20260312\raw_can_logs\20260426\raw_can_logs\toyota_all_20260426_045606_007,D:\Temp\20260312\raw_can_logs\20260426\raw_can_logs\toyota_all_20260426_045606_007.ndjson,1777179561506,1777179576506,195.0,210.0,499,501,0,0,0,0,0.0,0.856,0,0,D,
D:\Temp\20260312\raw_can_logs\20260426\raw_can_logs\toyota_all_20260426_045606_007,D:\Temp\20260312\raw_can_logs\20260426\raw_can_logs\toyota_all_20260426_045606_007.ndjson,1777179566506,1777179581506,200.0,215.0,498,519,0,0,0,0,0.0,0.879,0,0,D,
D:\Temp\20260312\raw_can_logs\20260426\raw_can_logs\toyota_all_20260426_045606_007,D:\Temp\20260312\raw_can_logs\20260426\raw_can_logs\toyota_all_20260426_045606_007.ndjson,1777179571506,1777179586506,205.0,220.0,499,514,0,0,0,0,0.0,0.893,0,0,D,
D:\Temp\20260312\raw_can_logs\20260426\raw_can_logs\toyota_all_20260426_045606_007,D:\Temp\20260312\raw_can_logs\20260426\raw_can_logs\toyota_all_20260426_045606_007.ndjson,1777179576506,1777179591506,210.0,225.0,493,530,0,0,0,0,0.0,0.919,0,0,D,
D:\Temp\20260312\raw_can_logs\20260426\raw_can_logs\toyota_all_20260426_045606_007,D:\Temp\20260312\raw_can_logs\20260426\raw_can_logs\toyota_all_20260426_045606_007.ndjson,1777179581506,1777179596506,215.0,230.0,495,514,0,0,0,0,0.0,0.932,0,0,D,
D:\Temp\20260312\raw_can_logs\20260426\raw_can_logs\toyota_all_20260426_045606_007,D:\Temp\20260312\raw_can_logs\20260426\raw_can_logs\toyota_all_20260426_045606_007.ndjson,1777179586506,1777179601506,220.0,235.0,495,516,0,0,0,0,0.0,0.913,0,0,D,
D:\Temp\20260312\raw_can_logs\20260426\raw_can_logs\toyota_all_20260426_045606_007,D:\Temp\20260312\raw_can_logs\20260426\raw_can_logs\toyota_all_20260426_045606_007.ndjson,1777179591506,1777179606506,225.0,240.0,495,507,0,1,0,0,0.004,0.761,1,98,D,
D:\Temp\20260312\raw_can_logs\20260426\raw_can_logs\toyota_all_20260426_045606_007,D:\Temp\20260312\raw_can_logs\20260426\raw_can_logs\toyota_all_20260426_045606_007.ndjson,1777179596506,1777179611506,230.0,245.0,502,502,0,1,0,0,0.004,0.454,1,98,D,
D:\Temp\20260312\raw_can_logs\20260426\raw_can_logs\toyota_all_20260426_045606_007,D:\Temp\20260312\raw_can_logs\20260426\raw_can_logs\toyota_all_20260426_045606_007.ndjson,1777179601506,1777179616506,235.0,250.0,496,498,0,1,0,0,0.004,0.245,1,185,D,
D:\Temp\20260312\raw_can_logs\20260426\raw_can_logs\toyota_all_20260426_045606_007,D:\Temp\20260312\raw_can_logs\20260426\raw_can_logs\toyota_all_20260426_045606_007.ndjson,1777179606506,1777179621506,240.0,255.0,510,510,0,0,0,0,0.002,0.171,0,186,D,
D:\Temp\20260312\raw_can_logs\20260426\raw_can_logs\toyota_all_20260426_045606_007,D:\Temp\20260312\raw_can_logs\20260426\raw_can_logs\toyota_all_20260426_045606_007.ndjson,1777179611506,1777179626506,245.0,260.0,516,512,0,0,0,0,0.004,0.277,0,186,D,
D:\Temp\20260312\raw_can_logs\20260426\raw_can_logs\toyota_all_20260426_045606_007,D:\Temp\20260312\raw_can_logs\20260426\raw_can_logs\toyota_all_20260426_045606_007.ndjson,1777179616506,1777179631506,250.0,265.0,513,506,0,0,0,0,0.004,0.289,0,186,D,
D:\Temp\20260312\raw_can_logs\20260426\raw_can_logs\toyota_all_20260426_045606_007,D:\Temp\20260312\raw_can_logs\20260426\raw_can_logs\toyota_all_20260426_045606_007.ndjson,1777179621506,1777179636506,255.0,270.0,510,502,0,0,0,0,0.002,0.245,0,184,D,
D:\Temp\20260312\raw_can_logs\20260426\raw_can_logs\toyota_all_20260426_045606_007,D:\Temp\20260312\raw_can_logs\20260426\raw_can_logs\toyota_all_20260426_045606_007.ndjson,1777179626506,1777179641506,260.0,275.0,503,506,0,0,0,0,0.0,0.2,0,96,D,
D:\Temp\20260312\raw_can_logs\20260426\raw_can_logs\toyota_all_20260426_045606_007,D:\Temp\20260312\raw_can_logs\20260426\raw_can_logs\toyota_all_20260426_045606_007.ndjson,1777179631506,1777179646506,265.0,280.0,508,503,0,0,0,0,0.0,0.137,0,117,D,
D:\Temp\20260312\raw_can_logs\20260426\raw_can_logs\toyota_all_20260426_045606_007,D:\Temp\20260312\raw_can_logs\20260426\raw_can_logs\toyota_all_20260426_045606_007.ndjson,1777179636506,1777179651506,270.0,285.0,507,512,0,0,0,0,0.0,0.189,0,136,D,
D:\Temp\20260312\raw_can_logs\20260426\raw_can_logs\toyota_all_20260426_045606_007,D:\Temp\20260312\raw_can_logs\20260426\raw_can_logs\toyota_all_20260426_045606_007.ndjson,1777179641506,1777179656506,275.0,290.0,499,512,0,0,0,0,0.0,0.217,0,136,D,
D:\Temp\20260312\raw_can_logs\20260426\raw_can_logs\toyota_all_20260426_045606_007,D:\Temp\20260312\raw_can_logs\20260426\raw_can_logs\toyota_all_20260426_045606_007.ndjson,1777179646506,1777179661506,280.0,295.0,506,528,0,0,0,0,0.0,0.309,0,136,D,
D:\Temp\20260312\raw_can_logs\20260426\raw_can_logs\toyota_all_20260426_045606_007,D:\Temp\20260312\raw_can_logs\20260426\raw_can_logs\toyota_all_20260426_045606_007.ndjson,1777179651506,1777179666506,285.0,300.0,502,517,0,0,0,0,0.0,0.275,0,96,D,
D:\Temp\20260312\raw_can_logs\20260426\raw_can_logs\toyota_seg_IGN_ON_20260426_045640_014,D:\Temp\20260312\raw_can_logs\20260426\raw_can_logs\toyota_seg_IGN_ON_20260426_045640_014.ndjson,1777179400869,1777179415869,0.0,15.0,497,518,0,0,0,0,0.0,0.958,0,0,D,
D:\Temp\20260312\raw_can_logs\20260426\raw_can_logs\toyota_seg_IGN_ON_20260426_045640_014,D:\Temp\20260312\raw_can_logs\20260426\raw_can_logs\toyota_seg_IGN_ON_20260426_045640_014.ndjson,1777179405869,1777179420869,5.0,20.0,501,523,0,0,0,0,0.0,0.966,0,0,D,
D:\Temp\20260312\raw_can_logs\20260426\raw_can_logs\toyota_seg_IGN_ON_20260426_045640_014,D:\Temp\20260312\raw_can_logs\20260426\raw_can_logs\toyota_seg_IGN_ON_20260426_045640_014.ndjson,1777179410869,1777179425869,10.0,25.0,506,521,0,0,0,0,0.0,0.904,0,36,D,
D:\Temp\20260312\raw_can_logs\20260426\raw_can_logs\toyota_seg_IGN_ON_20260426_045640_014,D:\Temp\20260312\raw_can_logs\20260426\raw_can_logs\toyota_seg_IGN_ON_20260426_045640_014.ndjson,1777179415869,1777179430869,15.0,30.0,513,524,0,0,0,0,0.0,0.698,0,53,D,
D:\Temp\20260312\raw_can_logs\20260426\raw_can_logs\toyota_seg_IGN_ON_20260426_045640_014,D:\Temp\20260312\raw_can_logs\20260426\raw_can_logs\toyota_seg_IGN_ON_20260426_045640_014.ndjson,1777179420869,1777179435869,20.0,35.0,503,527,0,0,0,0,0.0,0.501,0,53,D,
D:\Temp\20260312\raw_can_logs\20260426\raw_can_logs\toyota_seg_IGN_ON_20260426_045640_014,D:\Temp\20260312\raw_can_logs\20260426\raw_can_logs\toyota_seg_IGN_ON_20260426_045640_014.ndjson,1777179425869,1777179440869,25.0,40.0,500,527,0,0,0,0,0.0,0.249,0,92,D,
D:\Temp\20260312\raw_can_logs\20260426\raw_can_logs\toyota_seg_IGN_ON_20260426_045640_014,D:\Temp\20260312\raw_can_logs\20260426\raw_can_logs\toyota_seg_IGN_ON_20260426_045640_014.ndjson,1777179430869,1777179445869,30.0,45.0,502,517,0,0,0,0,0.0,0.234,0,92,D,
D:\Temp\20260312\raw_can_logs\20260426\raw_can_logs\toyota_seg_IGN_ON_20260426_045640_014,D:\Temp\20260312\raw_can_logs\20260426\raw_can_logs\toyota_seg_IGN_ON_20260426_045640_014.ndjson,1777179435869,1777179450869,35.0,50.0,517,514,0,0,0,0,0.0,0.144,0,92,D,
D:\Temp\20260312\raw_can_logs\20260426\raw_can_logs\toyota_seg_IGN_ON_20260426_045640_014,D:\Temp\20260312\raw_can_logs\20260426\raw_can_logs\toyota_seg_IGN_ON_20260426_045640_014.ndjson,1777179440869,1777179455869,40.0,55.0,523,511,0,0,0,0,0.0,0.143,0,154,D,
D:\Temp\20260312\raw_can_logs\20260426\raw_can_logs\toyota_seg_IGN_ON_20260426_045640_014,D:\Temp\20260312\raw_can_logs\20260426\raw_can_logs\toyota_seg_IGN_ON_20260426_045640_014.ndjson,1777179445869,1777179460869,45.0,60.0,516,516,0,0,0,0,0.002,0.112,0,154,D,
D:\Temp\20260312\raw_can_logs\20260426\raw_can_logs\toyota_seg_IGN_ON_20260426_045640_014,D:\Temp\20260312\raw_can_logs\20260426\raw_can_logs\toyota_seg_IGN_ON_20260426_045640_014.ndjson,1777179450869,1777179465869,50.0,65.0,512,514,0,0,0,0,0.002,0.228,0,154,D,
D:\Temp\20260312\raw_can_logs\20260426\raw_can_logs\toyota_seg_IGN_ON_20260426_045640_014,D:\Temp\20260312\raw_can_logs\20260426\raw_can_logs\toyota_seg_IGN_ON_20260426_045640_014.ndjson,1777179455869,1777179470869,55.0,70.0,501,517,0,0,0,0,0.014,0.279,0,94,D,
D:\Temp\20260312\raw_can_logs\20260426\raw_can_logs\toyota_seg_IGN_ON_20260426_045640_014,D:\Temp\20260312\raw_can_logs\20260426\raw_can_logs\toyota_seg_IGN_ON_20260426_045640_014.ndjson,1777179460869,1777179475869,60.0,75.0,504,531,0,0,0,0,0.011,0.252,0,94,D,
D:\Temp\20260312\raw_can_logs\20260426\raw_can_logs\toyota_seg_IGN_ON_20260426_045640_014,D:\Temp\20260312\raw_can_logs\20260426\raw_can_logs\toyota_seg_IGN_ON_20260426_045640_014.ndjson,1777179465869,1777179480869,65.0,80.0,491,523,0,0,0,0,0.011,0.113,0,70,D,
D:\Temp\20260312\raw_can_logs\20260426\raw_can_logs\toyota_seg_IGN_ON_20260426_045640_014,D:\Temp\20260312\raw_can_logs\20260426\raw_can_logs\toyota_seg_IGN_ON_20260426_045640_014.ndjson,1777179470869,1777179485869,70.0,85.0,503,529,0,0,0,0,0.0,0.059,0,11,D,
D:\Temp\20260312\raw_can_logs\20260426\raw_can_logs\toyota_seg_IGN_ON_20260426_045640_014,D:\Temp\20260312\raw_can_logs\20260426\raw_can_logs\toyota_seg_IGN_ON_20260426_045640_014.ndjson,1777179475869,1777179490869,75.0,90.0,511,517,0,0,0,0,0.0,0.0,0,2,D,
D:\Temp\20260312\raw_can_logs\20260426\raw_can_logs\toyota_seg_IGN_ON_20260426_045640_014,D:\Temp\20260312\raw_can_logs\20260426\raw_can_logs\toyota_seg_IGN_ON_20260426_045640_014.ndjson,1777179480869,1777179495869,80.0,95.0,514,524,0,0,0,0,0.0,0.0,0,0,D,
D:\Temp\20260312\raw_can_logs\20260426\raw_can_logs\toyota_seg_IGN_ON_20260426_045640_014,D:\Temp\20260312\raw_can_logs\20260426\raw_can_logs\toyota_seg_IGN_ON_20260426_045640_014.ndjson,1777179485869,1777179500869,85.0,100.0,509,523,0,0,0,0,0.0,0.0,0,0,D,
D:\Temp\20260312\raw_can_logs\20260426\raw_can_logs\toyota_seg_IGN_ON_20260426_045640_014,D:\Temp\20260312\raw_can_logs\20260426\raw_can_logs\toyota_seg_IGN_ON_20260426_045640_014.ndjson,1777179490869,1777179505869,90.0,105.0,506,519,0,0,0,0,0.0,0.0,0,0,D,
D:\Temp\20260312\raw_can_logs\20260426\raw_can_logs\toyota_seg_IGN_ON_20260426_045640_014,D:\Temp\20260312\raw_can_logs\20260426\raw_can_logs\toyota_seg_IGN_ON_20260426_045640_014.ndjson,1777179495869,1777179510869,95.0,110.0,503,515,0,0,0,0,0.0,0.0,0,54,D,
D:\Temp\20260312\raw_can_logs\20260426\raw_can_logs\toyota_seg_IGN_ON_20260426_045640_014,D:\Temp\20260312\raw_can_logs\20260426\raw_can_logs\toyota_seg_IGN_ON_20260426_045640_014.ndjson,1777179500869,1777179515869,100.0,115.0,504,510,0,0,0,0,0.004,0.053,0,56,D,
D:\Temp\20260312\raw_can_logs\20260426\raw_can_logs\toyota_seg_IGN_ON_20260426_045640_014,D:\Temp\20260312\raw_can_logs\20260426\raw_can_logs\toyota_seg_IGN_ON_20260426_045640_014.ndjson,1777179505869,1777179520869,105.0,120.0,503,510,0,1,1,0,0.01,0.186,3,147,D,
D:\Temp\20260312\raw_can_logs\20260426\raw_can_logs\toyota_seg_IGN_ON_20260426_045640_014,D:\Temp\20260312\raw_can_logs\20260426\raw_can_logs\toyota_seg_IGN_ON_20260426_045640_014.ndjson,1777179510869,1777179525869,110.0,125.0,513,515,0,1,1,0,0.012,0.299,3,184,D,
D:\Temp\20260312\raw_can_logs\20260426\raw_can_logs\toyota_seg_IGN_ON_20260426_045640_014,D:\Temp\20260312\raw_can_logs\20260426\raw_can_logs\toyota_seg_IGN_ON_20260426_045640_014.ndjson,1777179515869,1777179530869,115.0,130.0,528,517,0,1,1,0,0.021,0.398,3,184,D,
D:\Temp\20260312\raw_can_logs\20260426\raw_can_logs\toyota_seg_IGN_ON_20260426_045640_014,D:\Temp\20260312\raw_can_logs\20260426\raw_can_logs\toyota_seg_IGN_ON_20260426_045640_014.ndjson,1777179520869,1777179535869,120.0,135.0,531,516,0,0,0,0,0.095,0.453,0,184,D,
D:\Temp\20260312\raw_can_logs\20260426\raw_can_logs\toyota_seg_IGN_ON_20260426_045640_014,D:\Temp\20260312\raw_can_logs\20260426\raw_can_logs\toyota_seg_IGN_ON_20260426_045640_014.ndjson,1777179525869,1777179540869,125.0,140.0,528,512,1,0,0,0,0.135,0.619,2,0,B,1
D:\Temp\20260312\raw_can_logs\20260426\raw_can_logs\toyota_seg_IGN_ON_20260426_045640_014,D:\Temp\20260312\raw_can_logs\20260426\raw_can_logs\toyota_seg_IGN_ON_20260426_045640_014.ndjson,1777179530869,1777179545869,130.0,145.0,515,515,1,0,0,0,0.318,0.783,22,0,B,2
D:\Temp\20260312\raw_can_logs\20260426\raw_can_logs\toyota_seg_IGN_ON_20260426_045640_014,D:\Temp\20260312\raw_can_logs\20260426\raw_can_logs\toyota_seg_IGN_ON_20260426_045640_014.ndjson,1777179535869,1777179550869,135.0,150.0,500,520,1,0,0,0,0.573,0.927,22,0,B,2
D:\Temp\20260312\raw_can_logs\20260426\raw_can_logs\toyota_all_20260426_051051_010,D:\Temp\20260312\raw_can_logs\20260426\raw_can_logs\toyota_all_20260426_051051_010.ndjson,1777180251004,1777180266004,0.0,15.0,523,540,0,0,0,0,0.0,0.13,0,132,D,
D:\Temp\20260312\raw_can_logs\20260426\raw_can_logs\toyota_all_20260426_051051_010,D:\Temp\20260312\raw_can_logs\20260426\raw_can_logs\toyota_all_20260426_051051_010.ndjson,1777180256004,1777180271004,5.0,20.0,519,541,0,0,0,0,0.002,0.192,0,132,D,
D:\Temp\20260312\raw_can_logs\20260426\raw_can_logs\toyota_all_20260426_051051_010,D:\Temp\20260312\raw_can_logs\20260426\raw_can_logs\toyota_all_20260426_051051_010.ndjson,1777180261004,1777180276004,10.0,25.0,527,546,0,0,0,0,0.002,0.176,0,132,D,
D:\Temp\20260312\raw_can_logs\20260426\raw_can_logs\toyota_all_20260426_051051_010,D:\Temp\20260312\raw_can_logs\20260426\raw_can_logs\toyota_all_20260426_051051_010.ndjson,1777180266004,1777180281004,15.0,30.0,522,540,0,0,0,0,0.002,0.141,0,99,D,
D:\Temp\20260312\raw_can_logs\20260426\raw_can_logs\toyota_all_20260426_051051_010,D:\Temp\20260312\raw_can_logs\20260426\raw_can_logs\toyota_all_20260426_051051_010.ndjson,1777180271004,1777180286004,20.0,35.0,524,534,0,0,0,0,0.0,0.077,0,64,D,
D:\Temp\20260312\raw_can_logs\20260426\raw_can_logs\toyota_all_20260426_051051_010,D:\Temp\20260312\raw_can_logs\20260426\raw_can_logs\toyota_all_20260426_051051_010.ndjson,1777180276004,1777180291004,25.0,40.0,526,524,0,0,0,0,0.0,0.074,0,82,D,
D:\Temp\20260312\raw_can_logs\20260426\raw_can_logs\toyota_all_20260426_051051_010,D:\Temp\20260312\raw_can_logs\20260426\raw_can_logs\toyota_all_20260426_051051_010.ndjson,1777180281004,1777180296004,30.0,45.0,533,524,0,0,0,0,0.002,0.16,0,82,D,
D:\Temp\20260312\raw_can_logs\20260426\raw_can_logs\toyota_all_20260426_051051_010,D:\Temp\20260312\raw_can_logs\20260426\raw_can_logs\toyota_all_20260426_051051_010.ndjson,1777180286004,1777180301004,35.0,50.0,534,525,0,0,0,0,0.002,0.257,0,82,D,
D:\Temp\20260312\raw_can_logs\20260426\raw_can_logs\toyota_all_20260426_051051_010,D:\Temp\20260312\raw_can_logs\20260426\raw_can_logs\toyota_all_20260426_051051_010.ndjson,1777180291004,1777180306004,40.0,55.0,522,519,0,0,0,0,0.002,0.258,0,64,D,
D:\Temp\20260312\raw_can_logs\20260426\raw_can_logs\toyota_all_20260426_051051_010,D:\Temp\20260312\raw_can_logs\20260426\raw_can_logs\toyota_all_20260426_051051_010.ndjson,1777180296004,1777180311004,45.0,60.0,505,516,0,0,0,0,0.0,0.188,0,44,D,
D:\Temp\20260312\raw_can_logs\20260426\raw_can_logs\toyota_all_20260426_051051_010,D:\Temp\20260312\raw_can_logs\20260426\raw_can_logs\toyota_all_20260426_051051_010.ndjson,1777180301004,1777180316004,50.0,65.0,498,518,0,0,0,0,0.0,0.118,0,22,D,
D:\Temp\20260312\raw_can_logs\20260426\raw_can_logs\toyota_all_20260426_051051_010,D:\Temp\20260312\raw_can_logs\20260426\raw_can_logs\toyota_all_20260426_051051_010.ndjson,1777180306004,1777180321004,55.0,70.0,506,525,0,0,0,0,0.0,0.126,0,22,D,
D:\Temp\20260312\raw_can_logs\20260426\raw_can_logs\toyota_all_20260426_051051_010,D:\Temp\20260312\raw_can_logs\20260426\raw_can_logs\toyota_all_20260426_051051_010.ndjson,1777180311004,1777180326004,60.0,75.0,514,527,0,0,0,0,0.0,0.133,0,24,D,
D:\Temp\20260312\raw_can_logs\20260426\raw_can_logs\toyota_all_20260426_051051_010,D:\Temp\20260312\raw_can_logs\20260426\raw_can_logs\toyota_all_20260426_051051_010.ndjson,1777180316004,1777180331004,65.0,80.0,521,536,0,0,0,0,0.0,0.149,0,25,D,
D:\Temp\20260312\raw_can_logs\20260426\raw_can_logs\toyota_all_20260426_051051_010,D:\Temp\20260312\raw_can_logs\20260426\raw_can_logs\toyota_all_20260426_051051_010.ndjson,1777180321004,1777180336004,70.0,85.0,519,529,0,0,0,0,0.0,0.155,0,25,D,
D:\Temp\20260312\raw_can_logs\20260426\raw_can_logs\toyota_all_20260426_051051_010,D:\Temp\20260312\raw_can_logs\20260426\raw_can_logs\toyota_all_20260426_051051_010.ndjson,1777180326004,1777180341004,75.0,90.0,526,536,0,0,0,0,0.0,0.121,0,25,D,
D:\Temp\20260312\raw_can_logs\20260426\raw_can_logs\toyota_all_20260426_051051_010,D:\Temp\20260312\raw_can_logs\20260426\raw_can_logs\toyota_all_20260426_051051_010.ndjson,1777180331004,1777180346004,80.0,95.0,525,519,0,0,0,0,0.0,0.116,0,23,D,
D:\Temp\20260312\raw_can_logs\20260426\raw_can_logs\toyota_all_20260426_051051_010,D:\Temp\20260312\raw_can_logs\20260426\raw_can_logs\toyota_all_20260426_051051_010.ndjson,1777180336004,1777180351004,85.0,100.0,523,518,0,0,0,0,0.0,0.114,0,23,D,
D:\Temp\20260312\raw_can_logs\20260426\raw_can_logs\toyota_all_20260426_051051_010,D:\Temp\20260312\raw_can_logs\20260426\raw_can_logs\toyota_all_20260426_051051_010.ndjson,1777180341004,1777180356004,90.0,105.0,522,514,0,0,0,0,0.0,0.156,0,22,D,
D:\Temp\20260312\raw_can_logs\20260426\raw_can_logs\toyota_all_20260426_051051_010,D:\Temp\20260312\raw_can_logs\20260426\raw_can_logs\toyota_all_20260426_051051_010.ndjson,1777180346004,1777180361004,95.0,110.0,517,518,0,1,0,0,0.029,0.268,8,22,D,
D:\Temp\20260312\raw_can_logs\20260426\raw_can_logs\toyota_all_20260426_051051_010,D:\Temp\20260312\raw_can_logs\20260426\raw_can_logs\toyota_all_20260426_051051_010.ndjson,1777180351004,1777180366004,100.0,115.0,519,528,0,1,0,0,0.028,0.464,8,62,D,
D:\Temp\20260312\raw_can_logs\20260426\raw_can_logs\toyota_all_20260426_051051_010,D:\Temp\20260312\raw_can_logs\20260426\raw_can_logs\toyota_all_20260426_051051_010.ndjson,1777180356004,1777180371004,105.0,120.0,525,531,1,1,0,0,0.034,0.571,9,62,B,3
D:\Temp\20260312\raw_can_logs\20260426\raw_can_logs\toyota_all_20260426_051051_010,D:\Temp\20260312\raw_can_logs\20260426\raw_can_logs\toyota_all_20260426_051051_010.ndjson,1777180361004,1777180376004,110.0,125.0,522,532,1,0,0,0,0.009,0.496,1,62,B,1
D:\Temp\20260312\raw_can_logs\20260426\raw_can_logs\toyota_all_20260426_051051_010,D:\Temp\20260312\raw_can_logs\20260426\raw_can_logs\toyota_all_20260426_051051_010.ndjson,1777180366004,1777180381004,115.0,130.0,522,530,1,0,0,0,0.009,0.379,1,12,B,1
D:\Temp\20260312\raw_can_logs\20260426\raw_can_logs\toyota_all_20260426_051051_010,D:\Temp\20260312\raw_can_logs\20260426\raw_can_logs\toyota_all_20260426_051051_010.ndjson,1777180371004,1777180386004,120.0,135.0,517,525,0,0,0,0,0.004,0.324,0,12,D,
D:\Temp\20260312\raw_can_logs\20260426\raw_can_logs\toyota_all_20260426_051051_010,D:\Temp\20260312\raw_can_logs\20260426\raw_can_logs\toyota_all_20260426_051051_010.ndjson,1777180376004,1777180391004,125.0,140.0,534,538,0,0,1,0,0.006,0.297,1,136,D,
D:\Temp\20260312\raw_can_logs\20260426\raw_can_logs\toyota_all_20260426_051051_010,D:\Temp\20260312\raw_can_logs\20260426\raw_can_logs\toyota_all_20260426_051051_010.ndjson,1777180381004,1777180396004,130.0,145.0,531,533,0,0,1,0,0.015,0.281,1,137,D,
D:\Temp\20260312\raw_can_logs\20260426\raw_can_logs\toyota_all_20260426_051051_010,D:\Temp\20260312\raw_can_logs\20260426\raw_can_logs\toyota_all_20260426_051051_010.ndjson,1777180386004,1777180401004,135.0,150.0,525,540,0,0,1,0,0.015,0.22,1,137,D,
D:\Temp\20260312\raw_can_logs\20260426\raw_can_logs\toyota_all_20260426_051051_010,D:\Temp\20260312\raw_can_logs\20260426\raw_can_logs\toyota_all_20260426_051051_010.ndjson,1777180391004,1777180406004,140.0,155.0,516,525,0,0,0,0,0.01,0.173,0,137,D,
D:\Temp\20260312\raw_can_logs\20260426\raw_can_logs\toyota_all_20260426_051051_010,D:\Temp\20260312\raw_can_logs\20260426\raw_can_logs\toyota_all_20260426_051051_010.ndjson,1777180396004,1777180411004,145.0,160.0,518,512,0,0,0,0,0.0,0.133,0,75,D,
D:\Temp\20260312\raw_can_logs\20260426\raw_can_logs\toyota_all_20260426_051051_010,D:\Temp\20260312\raw_can_logs\20260426\raw_can_logs\toyota_all_20260426_051051_010.ndjson,1777180401004,1777180416004,150.0,165.0,524,511,0,0,0,0,0.006,0.17,0,75,D,
D:\Temp\20260312\raw_can_logs\20260426\raw_can_logs\toyota_all_20260426_051051_010,D:\Temp\20260312\raw_can_logs\20260426\raw_can_logs\toyota_all_20260426_051051_010.ndjson,1777180406004,1777180421004,155.0,170.0,523,520,0,0,0,0,0.006,0.212,0,75,D,
D:\Temp\20260312\raw_can_logs\20260426\raw_can_logs\toyota_all_20260426_051051_010,D:\Temp\20260312\raw_can_logs\20260426\raw_can_logs\toyota_all_20260426_051051_010.ndjson,1777180411004,1777180426004,160.0,175.0,516,540,0,0,0,0,0.006,0.281,0,4,D,
D:\Temp\20260312\raw_can_logs\20260426\raw_can_logs\toyota_all_20260426_051051_010,D:\Temp\20260312\raw_can_logs\20260426\raw_can_logs\toyota_all_20260426_051051_010.ndjson,1777180416004,1777180431004,165.0,180.0,504,530,0,0,0,0,0.006,0.36,0,4,D,
D:\Temp\20260312\raw_can_logs\20260426\raw_can_logs\toyota_all_20260426_051051_010,D:\Temp\20260312\raw_can_logs\20260426\raw_can_logs\toyota_all_20260426_051051_010.ndjson,1777180421004,1777180436004,170.0,185.0,496,536,1,0,0,0,0.034,0.524,7,0,B,1
D:\Temp\20260312\raw_can_logs\20260426\raw_can_logs\toyota_all_20260426_051051_010,D:\Temp\20260312\raw_can_logs\20260426\raw_can_logs\toyota_all_20260426_051051_010.ndjson,1777180426004,1777180441004,175.0,190.0,504,528,1,0,0,0,0.034,0.686,7,0,B,1
D:\Temp\20260312\raw_can_logs\20260426\raw_can_logs\toyota_all_20260426_051051_010,D:\Temp\20260312\raw_can_logs\20260426\raw_can_logs\toyota_all_20260426_051051_010.ndjson,1777180431004,1777180446004,180.0,195.0,503,532,1,0,0,0,0.028,0.85,7,0,B,1
D:\Temp\20260312\raw_can_logs\20260426\raw_can_logs\toyota_all_20260426_051051_010,D:\Temp\20260312\raw_can_logs\20260426\raw_can_logs\toyota_all_20260426_051051_010.ndjson,1777180436004,1777180451004,185.0,200.0,505,525,0,0,0,0,0.015,0.867,0,0,D,
D:\Temp\20260312\raw_can_logs\20260426\raw_can_logs\toyota_all_20260426_051051_010,D:\Temp\20260312\raw_can_logs\20260426\raw_can_logs\toyota_all_20260426_051051_010.ndjson,1777180441004,1777180456004,190.0,205.0,504,536,0,0,0,0,0.015,0.789,0,19,D,
D:\Temp\20260312\raw_can_logs\20260426\raw_can_logs\toyota_all_20260426_051051_010,D:\Temp\20260312\raw_can_logs\20260426\raw_can_logs\toyota_all_20260426_051051_010.ndjson,1777180446004,1777180461004,195.0,210.0,516,533,0,0,0,0,0.015,0.726,0,105,D,
D:\Temp\20260312\raw_can_logs\20260426\raw_can_logs\toyota_all_20260426_051051_010,D:\Temp\20260312\raw_can_logs\20260426\raw_can_logs\toyota_all_20260426_051051_010.ndjson,1777180451004,1777180466004,200.0,215.0,531,539,0,1,0,0,0.002,0.609,1,105,D,
D:\Temp\20260312\raw_can_logs\20260426\raw_can_logs\toyota_all_20260426_051051_010,D:\Temp\20260312\raw_can_logs\20260426\raw_can_logs\toyota_all_20260426_051051_010.ndjson,1777180456004,1777180471004,205.0,220.0,521,522,0,1,0,0,0.002,0.475,1,105,D,
D:\Temp\20260312\raw_can_logs\20260426\raw_can_logs\toyota_all_20260426_051051_010,D:\Temp\20260312\raw_can_logs\20260426\raw_can_logs\toyota_all_20260426_051051_010.ndjson,1777180461004,1777180476004,210.0,225.0,517,524,1,1,0,0,0.008,0.309,4,54,B,3
D:\Temp\20260312\raw_can_logs\20260426\raw_can_logs\toyota_all_20260426_051051_010,D:\Temp\20260312\raw_can_logs\20260426\raw_can_logs\toyota_all_20260426_051051_010.ndjson,1777180466004,1777180481004,215.0,230.0,498,512,1,0,0,0,0.006,0.48,3,0,B,1
D:\Temp\20260312\raw_can_logs\20260426\raw_can_logs\toyota_all_20260426_051051_010,D:\Temp\20260312\raw_can_logs\20260426\raw_can_logs\toyota_all_20260426_051051_010.ndjson,1777180471004,1777180486004,220.0,235.0,507,522,1,0,0,0,0.006,0.726,3,0,B,1
D:\Temp\20260312\raw_can_logs\20260426\raw_can_logs\toyota_all_20260426_051051_010,D:\Temp\20260312\raw_can_logs\20260426\raw_can_logs\toyota_all_20260426_051051_010.ndjson,1777180476004,1777180491004,225.0,240.0,506,521,0,0,0,0,0.0,0.958,0,0,D,
D:\Temp\20260312\raw_can_logs\20260426\raw_can_logs\toyota_all_20260426_051051_010,D:\Temp\20260312\raw_can_logs\20260426\raw_can_logs\toyota_all_20260426_051051_010.ndjson,1777180481004,1777180496004,230.0,245.0,519,526,0,0,0,0,0.0,1.0,0,0,D,
D:\Temp\20260312\raw_can_logs\20260426\raw_can_logs\toyota_all_20260426_051051_010,D:\Temp\20260312\raw_can_logs\20260426\raw_can_logs\toyota_all_20260426_051051_010.ndjson,1777180486004,1777180501004,235.0,250.0,524,526,0,0,0,0,0.0,1.0,0,0,D,
D:\Temp\20260312\raw_can_logs\20260426\raw_can_logs\toyota_all_20260426_051051_010,D:\Temp\20260312\raw_can_logs\20260426\raw_can_logs\toyota_all_20260426_051051_010.ndjson,1777180491004,1777180506004,240.0,255.0,520,525,0,0,0,0,0.0,1.0,0,0,D,
D:\Temp\20260312\raw_can_logs\20260426\raw_can_logs\toyota_all_20260426_051051_010,D:\Temp\20260312\raw_can_logs\20260426\raw_can_logs\toyota_all_20260426_051051_010.ndjson,1777180496004,1777180511004,245.0,260.0,518,525,0,0,0,0,0.0,1.0,0,0,D,
D:\Temp\20260312\raw_can_logs\20260426\raw_can_logs\toyota_all_20260426_051051_010,D:\Temp\20260312\raw_can_logs\20260426\raw_can_logs\toyota_all_20260426_051051_010.ndjson,1777180501004,1777180516004,250.0,265.0,519,522,0,0,0,0,0.0,1.0,0,0,D,
D:\Temp\20260312\raw_can_logs\20260426\raw_can_logs\toyota_all_20260426_051051_010,D:\Temp\20260312\raw_can_logs\20260426\raw_can_logs\toyota_all_20260426_051051_010.ndjson,1777180506004,1777180521004,255.0,270.0,521,527,0,0,0,0,0.0,1.0,0,0,D,
D:\Temp\20260312\raw_can_logs\20260426\raw_can_logs\toyota_all_20260426_051051_010,D:\Temp\20260312\raw_can_logs\20260426\raw_can_logs\toyota_all_20260426_051051_010.ndjson,1777180511004,1777180526004,260.0,275.0,526,525,0,0,0,0,0.0,0.971,0,0,D,
D:\Temp\20260312\raw_can_logs\20260426\raw_can_logs\toyota_all_20260426_051051_010,D:\Temp\20260312\raw_can_logs\20260426\raw_can_logs\toyota_all_20260426_051051_010.ndjson,1777180516004,1777180531004,265.0,280.0,528,525,0,0,0,0,0.0,0.971,0,0,D,
D:\Temp\20260312\raw_can_logs\20260426\raw_can_logs\toyota_all_20260426_051051_010,D:\Temp\20260312\raw_can_logs\20260426\raw_can_logs\toyota_all_20260426_051051_010.ndjson,1777180521004,1777180536004,270.0,285.0,526,511,0,0,0,0,0.0,0.971,0,0,D,
D:\Temp\20260312\raw_can_logs\20260426\raw_can_logs\toyota_all_20260426_051051_010,D:\Temp\20260312\raw_can_logs\20260426\raw_can_logs\toyota_all_20260426_051051_010.ndjson,1777180526004,1777180541004,275.0,290.0,509,523,0,0,0,0,0.0,0.964,0,0,D,
D:\Temp\20260312\raw_can_logs\20260426\raw_can_logs\toyota_seg_IGN_ON_20260426_051136_020,D:\Temp\20260312\raw_can_logs\20260426\raw_can_logs\toyota_seg_IGN_ON_20260426_051136_020.ndjson,1777180296486,1777180311486,0.0,15.0,508,516,0,0,0,0,0.0,0.182,0,43,D,
D:\Temp\20260312\raw_can_logs\20260426\raw_can_logs\toyota_seg_IGN_ON_20260426_051136_020,D:\Temp\20260312\raw_can_logs\20260426\raw_can_logs\toyota_seg_IGN_ON_20260426_051136_020.ndjson,1777180301486,1777180316486,5.0,20.0,498,520,0,0,0,0,0.0,0.108,0,22,D,
D:\Temp\20260312\raw_can_logs\20260426\raw_can_logs\toyota_seg_IGN_ON_20260426_051136_020,D:\Temp\20260312\raw_can_logs\20260426\raw_can_logs\toyota_seg_IGN_ON_20260426_051136_020.ndjson,1777180306486,1777180321486,10.0,25.0,505,523,0,0,0,0,0.0,0.128,0,22,D,
D:\Temp\20260312\raw_can_logs\20260426\raw_can_logs\toyota_seg_IGN_ON_20260426_051136_020,D:\Temp\20260312\raw_can_logs\20260426\raw_can_logs\toyota_seg_IGN_ON_20260426_051136_020.ndjson,1777180311486,1777180326486,15.0,30.0,514,528,0,0,0,0,0.0,0.125,0,25,D,
D:\Temp\20260312\raw_can_logs\20260426\raw_can_logs\toyota_seg_IGN_ON_20260426_051136_020,D:\Temp\20260312\raw_can_logs\20260426\raw_can_logs\toyota_seg_IGN_ON_20260426_051136_020.ndjson,1777180316486,1777180331486,20.0,35.0,521,535,0,0,0,0,0.0,0.15,0,25,D,
D:\Temp\20260312\raw_can_logs\20260426\raw_can_logs\toyota_seg_IGN_ON_20260426_051136_020,D:\Temp\20260312\raw_can_logs\20260426\raw_can_logs\toyota_seg_IGN_ON_20260426_051136_020.ndjson,1777180321486,1777180336486,25.0,40.0,522,529,0,0,0,0,0.0,0.153,0,25,D,
D:\Temp\20260312\raw_can_logs\20260426\raw_can_logs\toyota_seg_IGN_ON_20260426_051136_020,D:\Temp\20260312\raw_can_logs\20260426\raw_can_logs\toyota_seg_IGN_ON_20260426_051136_020.ndjson,1777180326486,1777180341486,30.0,45.0,524,536,0,0,0,0,0.0,0.132,0,25,D,
D:\Temp\20260312\raw_can_logs\20260426\raw_can_logs\toyota_seg_IGN_ON_20260426_051136_020,D:\Temp\20260312\raw_can_logs\20260426\raw_can_logs\toyota_seg_IGN_ON_20260426_051136_020.ndjson,1777180331486,1777180346486,35.0,50.0,524,517,0,0,0,0,0.0,0.116,0,23,D,
D:\Temp\20260312\raw_can_logs\20260426\raw_can_logs\toyota_seg_IGN_ON_20260426_051136_020,D:\Temp\20260312\raw_can_logs\20260426\raw_can_logs\toyota_seg_IGN_ON_20260426_051136_020.ndjson,1777180336486,1777180351486,40.0,55.0,521,516,0,0,0,0,0.0,0.114,0,23,D,
D:\Temp\20260312\raw_can_logs\20260426\raw_can_logs\toyota_seg_IGN_ON_20260426_051136_020,D:\Temp\20260312\raw_can_logs\20260426\raw_can_logs\toyota_seg_IGN_ON_20260426_051136_020.ndjson,1777180341486,1777180356486,45.0,60.0,522,514,0,0,0,0,0.0,0.15,0,22,D,
D:\Temp\20260312\raw_can_logs\20260426\raw_can_logs\toyota_seg_IGN_ON_20260426_051136_020,D:\Temp\20260312\raw_can_logs\20260426\raw_can_logs\toyota_seg_IGN_ON_20260426_051136_020.ndjson,1777180346486,1777180361486,50.0,65.0,517,518,0,1,0,0,0.029,0.282,8,30,D,
D:\Temp\20260312\raw_can_logs\20260426\raw_can_logs\toyota_seg_IGN_ON_20260426_051136_020,D:\Temp\20260312\raw_can_logs\20260426\raw_can_logs\toyota_seg_IGN_ON_20260426_051136_020.ndjson,1777180351486,1777180366486,55.0,70.0,519,532,1,1,0,0,0.03,0.472,9,62,B,3
D:\Temp\20260312\raw_can_logs\20260426\raw_can_logs\toyota_seg_IGN_ON_20260426_051136_020,D:\Temp\20260312\raw_can_logs\20260426\raw_can_logs\toyota_seg_IGN_ON_20260426_051136_020.ndjson,1777180356486,1777180371486,60.0,75.0,526,533,1,1,0,0,0.034,0.591,9,62,B,3
D:\Temp\20260312\raw_can_logs\20260426\raw_can_logs\toyota_seg_IGN_ON_20260426_051136_020,D:\Temp\20260312\raw_can_logs\20260426\raw_can_logs\toyota_seg_IGN_ON_20260426_051136_020.ndjson,1777180361486,1777180376486,65.0,80.0,523,535,1,0,0,0,0.009,0.488,1,62,B,1
D:\Temp\20260312\raw_can_logs\20260426\raw_can_logs\toyota_seg_IGN_ON_20260426_051136_020,D:\Temp\20260312\raw_can_logs\20260426\raw_can_logs\toyota_seg_IGN_ON_20260426_051136_020.ndjson,1777180366486,1777180381486,70.0,85.0,522,530,0,0,0,0,0.008,0.392,0,12,D,
D:\Temp\20260312\raw_can_logs\20260426\raw_can_logs\toyota_seg_IGN_ON_20260426_051136_020,D:\Temp\20260312\raw_can_logs\20260426\raw_can_logs\toyota_seg_IGN_ON_20260426_051136_020.ndjson,1777180371486,1777180386486,75.0,90.0,518,526,0,0,0,0,0.004,0.295,0,18,D,
D:\Temp\20260312\raw_can_logs\20260426\raw_can_logs\toyota_seg_IGN_ON_20260426_051136_020,D:\Temp\20260312\raw_can_logs\20260426\raw_can_logs\toyota_seg_IGN_ON_20260426_051136_020.ndjson,1777180376486,1777180391486,80.0,95.0,534,536,0,0,1,0,0.015,0.312,1,136,D,
D:\Temp\20260312\raw_can_logs\20260426\raw_can_logs\toyota_seg_IGN_ON_20260426_051136_020,D:\Temp\20260312\raw_can_logs\20260426\raw_can_logs\toyota_seg_IGN_ON_20260426_051136_020.ndjson,1777180381486,1777180396486,85.0,100.0,533,534,0,0,1,0,0.015,0.258,1,137,D,
D:\Temp\20260312\raw_can_logs\20260426\raw_can_logs\toyota_seg_IGN_ON_20260426_051136_020,D:\Temp\20260312\raw_can_logs\20260426\raw_can_logs\toyota_seg_IGN_ON_20260426_051136_020.ndjson,1777180386486,1777180401486,90.0,105.0,525,535,0,0,1,0,0.015,0.222,1,137,D,
D:\Temp\20260312\raw_can_logs\20260426\raw_can_logs\toyota_seg_IGN_ON_20260426_051136_020,D:\Temp\20260312\raw_can_logs\20260426\raw_can_logs\toyota_seg_IGN_ON_20260426_051136_020.ndjson,1777180391486,1777180406486,95.0,110.0,518,521,0,0,0,0,0.0,0.155,0,137,D,
D:\Temp\20260312\raw_can_logs\20260426\raw_can_logs\toyota_seg_IGN_ON_20260426_051136_020,D:\Temp\20260312\raw_can_logs\20260426\raw_can_logs\toyota_seg_IGN_ON_20260426_051136_020.ndjson,1777180396486,1777180411486,100.0,115.0,518,510,0,0,0,0,0.0,0.131,0,75,D,
D:\Temp\20260312\raw_can_logs\20260426\raw_can_logs\toyota_seg_IGN_ON_20260426_051136_020,D:\Temp\20260312\raw_can_logs\20260426\raw_can_logs\toyota_seg_IGN_ON_20260426_051136_020.ndjson,1777180401486,1777180416486,105.0,120.0,522,514,0,0,0,0,0.006,0.181,0,75,D,
D:\Temp\20260312\raw_can_logs\20260426\raw_can_logs\toyota_seg_IGN_ON_20260426_051136_020,D:\Temp\20260312\raw_can_logs\20260426\raw_can_logs\toyota_seg_IGN_ON_20260426_051136_020.ndjson,1777180406486,1777180421486,110.0,125.0,523,524,0,0,0,0,0.006,0.227,0,75,D,
D:\Temp\20260312\raw_can_logs\20260426\raw_can_logs\toyota_seg_IGN_ON_20260426_051136_020,D:\Temp\20260312\raw_can_logs\20260426\raw_can_logs\toyota_seg_IGN_ON_20260426_051136_020.ndjson,1777180411486,1777180426486,115.0,130.0,514,539,0,0,0,0,0.006,0.301,0,4,D,
D:\Temp\20260312\raw_can_logs\20260426\raw_can_logs\toyota_seg_IGN_ON_20260426_051136_020,D:\Temp\20260312\raw_can_logs\20260426\raw_can_logs\toyota_seg_IGN_ON_20260426_051136_020.ndjson,1777180416486,1777180431486,120.0,135.0,503,531,0,0,0,0,0.006,0.375,0,3,D,
D:\Temp\20260312\raw_can_logs\20260426\raw_can_logs\toyota_seg_IGN_ON_20260426_051136_020,D:\Temp\20260312\raw_can_logs\20260426\raw_can_logs\toyota_seg_IGN_ON_20260426_051136_020.ndjson,1777180421486,1777180436486,125.0,140.0,495,538,1,0,0,0,0.033,0.532,7,0,B,1
D:\Temp\20260312\raw_can_logs\20260426\raw_can_logs\toyota_seg_IGN_ON_20260426_051136_020,D:\Temp\20260312\raw_can_logs\20260426\raw_can_logs\toyota_seg_IGN_ON_20260426_051136_020.ndjson,1777180426486,1777180441486,130.0,145.0,501,529,1,0,0,0,0.034,0.698,7,0,B,1
